content_id,title,genre,content_type,release_date,runtime_minutes
cnt_001,Northlight,Drama,series,2023-09-01,45
cnt_002,The Velocity Circuit,Sport,live,2024-01-20,120
cnt_003,Depths Unknown,Documentary,film,2022-11-15,94
cnt_004,Laughing Stock,Comedy,series,2023-04-10,28
cnt_005,Silverwood,Drama,series,2024-01-05,52
cnt_006,Grand Prix Live - Round 1,Sport,live,2024-01-21,180
cnt_007,Pixel Perfect,Documentary,film,2023-07-22,88
cnt_008,The Long Shift,Drama,film,2021-06-30,107
cnt_009,Open Mic Nights,Comedy,series,2023-11-01,22
cnt_010,World Cup Highlights,Sport,series,2024-01-14,30
cnt_011,Cascadia,Drama,series,2022-03-18,55
cnt_012,Robot Ruckus,kids,series,2023-08-05,12
cnt_013,Nature Reimagined,Documentary,film,2024-01-10,78
cnt_014,Offside,Sport,series,2023-10-25,40
cnt_015,Late Night Legends,Comedy,series,2022-12-01,35
cnt_016,The Reckoning,drama,film,2024-01-28,118
cnt_017,Circuit Breaker,Thriller,series,2023-12-10,47
cnt_018,Funny Business,comedy,series,2024-02-01,25
cnt_019,Grand Prix Live - Round 2,Sport,live,2024-02-04,180
cnt_020,Voices from the Amazon,documentary,film,2023-05-20,102
cnt_021,Harbour Town,Drama,series,2024-01-15,50
cnt_022,Galactic Pals,Kids,series,2023-10-01,14
cnt_023,Stand-Up Specials Vol 3,COMEDY,series,2024-02-10,58
cnt_024,The Frozen North,thriller,film,2022-08-17,95
cnt_025,Match Day Live - Feb,sport,live,2024-02-17,145
cnt_026,Wildfire Season,Drama,series,2023-06-12,48
cnt_027,Data & Destiny,documentary,film,2024-01-22,86
cnt_028,Rookie Rising,Sport,series,2024-02-05,38
cnt_029,The Apology Tour,comedy,series,2023-09-15,30
cnt_030,Deep Blue,Documentary,film,2022-04-08,112
cnt_031,Shadowland,DRAMA,series,2024-02-12,44
cnt_032,Little Explorers,kids,series,2024-01-08,11
cnt_033,Fast Five Cup,sport,live,2024-02-25,160
cnt_034,The Comeback,Drama,series,2023-07-01,55
cnt_035,Sci & Why,documentary,series,2024-02-08,32
