EPISODE_ID,SHOW_ID,TITLE,PUBLISHED_AT,DURATION_SECONDS,SEASON_EPISODE,CATEGORY
ep_001,show_001,Election Forecast 2024,2024-01-08 07:00:00.000,2587,1-3,politics
ep_002,show_002,Large Language Models Explained,2024-01-09 08:00:00.000,3120,1-2,technology
ep_003,show_003,Transfer Window Special,2024-01-10 06:30:00.000,2105,1-5,sport
ep_004,show_001,Rate Decisions and You,2024-01-15 07:00:00.000,2224,2-3,politics
ep_005,show_004,Streaming Wars Update,2024-01-16 09:00:00.000,1983,2-2,entertainment
ep_006,show_002,Prompt Engineering Deep Dive,2024-01-17 08:00:00.000,3600,2-2,technology
ep_007,show_005,COP30 Preview,2024-01-18 07:30:00.000,2700,3-1,politics
ep_008,show_003,Championship Analysis,2024-01-19 06:30:00.000,1862,2-5,sport
ep_009,show_001,Trade Policy Unpacked,2024-01-22 07:00:00.000,2466,3-3,politics
ep_010,show_006,AI in the Newsroom,2024-01-23 08:00:00.000,4207,1-1,technology
ep_011,show_004,Award Season Predictions,2024-01-24 09:00:00.000,2341,3-2,entertainment
ep_012,show_007,Pre-Match Build-Up,2024-01-25 06:30:00.000,1620,1-3,sport
ep_013,show_002,Open Source AI: What It Means,2024-01-26 08:00:00.000,3361,3-2,technology
ep_014,show_005,The Carbon Budget Explained,2024-01-29 07:30:00.000,2881,4-1,politics
ep_015,show_003,Six Nations Preview,2024-01-30 06:30:00.000,2042,3-5,sport
ep_016,show_008,Quantum Computing Breakthroughs,2024-01-30 09:00:00.000,3786,1-1,technology
ep_017,show_004,Box Office Breakdown,2024-01-31 09:00:00.000,2160,4-2,entertainment
ep_018,show_001,Budget Season Explained,2024-02-05 07:00:00.000,2520,4-3,politics
ep_019,show_006,Machine Learning in Media,2024-02-06 08:00:00.000,4563,2-1,technology
ep_020,show_007,Six Nations Match Preview,2024-02-07 06:30:00.000,1800,2-3,sport
ep_021,show_009,Best Films of January,2024-02-08 09:00:00.000,2702,1-1,entertainment
ep_022,show_010,The Housing Crisis Debate,2024-02-08 07:00:00.000,3240,1-1,politics
ep_023,show_002,Cybersecurity in 2024,2024-02-09 08:00:00.000,3001,4-2,technology
ep_024,show_008,Wearables and Health Data,2024-02-12 09:00:00.000,2940,2-1,technology
ep_025,show_005,Arctic Ice Loss Special,2024-02-12 07:30:00.000,3124,5-1,politics
ep_026,show_003,Champions League Preview,2024-02-13 06:30:00.000,2288,4-5,sport
ep_027,show_004,Streaming Originals Deep Dive,2024-02-14 09:00:00.000,2523,5-2,entertainment
ep_028,show_010,Trade Policy Roundtable,2024-02-15 07:00:00.000,3660,2-1,politics
ep_029,show_011,How Interest Rates Work,2024-02-15 08:00:00.000,2820,1-1,politics
ep_030,show_006,Robotics in the Workplace,2024-02-19 08:00:00.000,4024,3-1,technology
ep_031,show_007,Champions League Match Analysis,2024-02-21 06:30:00.000,2103,3-3,sport
ep_032,show_009,Award Season Wrap-Up,2024-02-22 09:00:00.000,2460,2-1,entertainment
ep_033,show_012,The Offside Rule: A History,2024-02-22 07:00:00.000,1981,1-1,sport
ep_034,show_008,AI Ethics and Regulation,2024-02-26 09:00:00.000,3300,3-1,technology
ep_035,show_001,Election Year: Mid-Point Check,2024-02-26 07:00:00.000,2761,5-3,politics
ep_036,show_011,Investing in Volatile Markets,2024-02-27 08:00:00.000,3181,2-1,politics
ep_037,show_005,Renewable Energy Progress Report,2024-02-29 07:30:00.000,2645,6-1,politics
ep_038,show_006,AI and Journalism: One Year On,2024-03-04 08:00:00.000,3842,1-2,technology
ep_039,show_006,The Algorithm Beat,2024-03-11 08:00:00.000,4101,2-2,technology
ep_040,show_006,Deepfakes in the Newsroom,2024-03-18 08:00:00.000,3956,3-2,technology
ep_041,show_008,Quantum Cryptography Explained,2024-03-05 09:00:00.000,3612,1-2,technology
ep_042,show_008,The Next Generation of Chips,2024-03-12 09:00:00.000,3490,2-2,technology
ep_043,show_008,Brain-Computer Interfaces,2024-03-19 09:00:00.000,4020,3-2,technology
ep_044,show_009,Spring Cinema Preview,2024-03-07 09:00:00.000,2534,1-2,entertainment
ep_045,show_009,Best Documentaries This Month,2024-03-14 09:00:00.000,2788,2-2,entertainment
ep_046,show_010,Immigration and the Economy,2024-03-06 07:00:00.000,3540,1-2,politics
ep_047,show_010,Healthcare Funding Crisis,2024-03-13 07:00:00.000,3120,2-2,politics
ep_048,show_010,The Cost of Living: Six Months On,2024-03-20 07:00:00.000,3900,3-2,politics
ep_049,show_011,Pension Reforms Explained,2024-03-08 08:00:00.000,2960,1-2,politics
ep_050,show_011,The Savings Gap,2024-03-15 08:00:00.000,3210,2-2,politics
ep_051,show_012,VAR: Two Years In,2024-03-09 07:00:00.000,2140,1-2,sport
ep_052,show_012,Tactics That Changed the Game,2024-03-16 07:00:00.000,2376,2-2,sport
ep_053,show_012,The Business of Football Transfers,2024-03-23 07:00:00.000,2509,3-2,sport