subscription_id,user_id,plan_type,status,start_date,start_time,end_date,end_time,monthly_fee_cents,updated_at
sub_0352,usr_848,BASIC,Cancelled,2022-11-15,00:05:21,2023-01-30,02:58:30,599,2023-02-02 09:48:00
sub_0202,usr_537,standard,CANCELLED,2020-05-08,20:46:47,2021-03-09,05:36:40,999,2021-03-10 22:22:00
sub_0105,usr_506,PREMIUM,cancelled,2024-06-10,21:39:17,2024-06-21,16:00:27,1499,2024-06-26 05:07:00
sub_0277,usr_268,Basic,Cancelled,2023-07-04,10:03:06,2024-04-10,07:42:13,599,2024-04-13 00:44:00
sub_0179,usr_677,basic,active,2024-04-18,01:32:16,,,599,2024-04-19 23:55:00
sub_0094,usr_988,standard,Paused,2024-09-24,,2024-10-11,05:59:53,999,2024-10-12 14:06:00
sub_0452,usr_799,PREMIUM,Active,2025-04-31,20:39:19,,,1499,2025-01-08 22:02:00
sub_0053,usr_528,premium,CANCELLED,2020-10-23,16:16:19,2021-04-30,04:18:39,1499,2021-05-01 15:14:00
sub_0223,usr_406,Premium,Cancelled,2024-01-21,11:42:57,2024-02-18,23:05:28,1499,2024-02-19 09:47:00
sub_0402,usr_908,standard,active,2023-05-02,04:03:53,,,999,2023-05-05 00:06:00
sub_0063,usr_192,standard,paused,2023-10-10,16:12:18,2024-3-13,22:50:52,999,2024-03-17 08:36:00
sub_0028,usr_196,Standard,cancelled,0000-00-00,06:15:05,2023-11-16,08:51:36,999,2023-11-19 23:33:00
sub_0259,usr_559,BASIC,paused,2022-05-14,05:38:08,2022-01-30,00:20:45,599,2022-01-31 06:38:00
sub_0188,usr_310,basic,CANCELLED,2023-09-21,14:36:51,2023-10-02,23:55:48,599,2023-10-04 21:26:00
sub_0234,usr_898,Premium,Cancelled,2021-11-30,19:59:35,,,1499,2021-11-30 02:37:00
sub_0092,usr_988,Premium,Cancelled,2023-05-09,22:05:16,2024-14-21,16:25:11,1499,NULL
sub_0219,usr_470,standard,CANCELLED,2024-04-07,06:56:14,,,999,2024-04-09 00:30:00
sub_0329,usr_933,Premium,ACTIVE,2023-10-17,08:38:34,,,1499,2023-10-22 03:12:00
sub_0224,usr_354,Basic,ACTIVE,2020-12-04,07:04:30,,,599,2020-12-07 06:19:00
sub_0276,usr_981,standard,Active,2022-05-19,14:15:43,,,999,2022-05-20 18:02:00
sub_0095,usr_988,Standard,Active,2024-12-30,15:07:40,,,999,2024-12-31 14:55:00
sub_0295,usr_140,STANDARD,cancelled,2022-10-07,01:41:59,2023-08-26,16:46:09,999,2023-08-30 00:01:00
sub_0336,usr_170,STANDARD,Active,2021-03-05,10:16:24,,,999,2021-03-06 21:03:00
sub_0210,usr_421,basic,CANCELLED,2023-02-22,03:05:23,2024-04-07,15:38:36,599,2024-04-12 22:49:00
sub_0311,usr_686,Standard,PAUSED,2022-11-11,07:20:53,2023-12-16,17:42:26,999,2023-12-16 18:44:00
sub_0064,usr_664,basic,PAUSED,2022-10-17,02:31:50,2023-12-13,10:22:06,599,2023-12-16 20:01:00
sub_0007,usr_254,BASIC,canceled,2022-09-14,04:01:09,2023-11-20,19:52:38,599,
sub_0427,usr_662,standard,canceled,2024-03-23,07:51:15,2024-06-24,23:37:48,999,2024-06-28 21:34:00
sub_0138,usr_415,STANDARD,cancelled,2023-13-08,04:55:32,2024-03-13,23:32:06,999,2024-03-14 18:30:00
sub_0177,usr_677,standard,CANCELLED,2023-08-15,11:28:30,2023-12-4,09:51:04,999,2023-12-05 19:25:00
sub_0167,usr_199,premium,Active,2021-1-8,18:29:59,,,1499,2021-01-11 15:08:00
sub_0144,usr_285,premium,Paused,2024-01-28,08:04:32,2024-03-09,04:44:02,1499,2024-03-14 18:40:00
sub_0248,usr_606,premium,canceled,2023-09-03,18:27:01,2023-11-09,09:52:32,1499,2023-11-13 01:14:00
sub_0397,usr_323,PREMIUM,paused,2020-11-28,20:59:02,2021-04-07,12:28:58,1499,2021-04-10 13:26:00
sub_0206,usr_895,BASIC,Cancelled,2023-04-08,null,2024-04-29,22:56:30,599,2024-04-29 22:15:00
sub_0233,usr_815,BASIC,Active,2021-11-17,09:26:47,,,599,2021-11-17 19:03:00
sub_0321,usr_458,basic,canceled,2023-07-17,02:04:28,2023-08-17,02:26:14,599,2023-08-19 20:31:00
sub_0384,usr_463,STANDARD,canceled,2022-08-26,12:04:37,2022-11-32,04:12:48,999,2022-08-31 19:12:00
sub_0018,usr_174,Basic,canceled,2021-08-05,05:00:21,2022-01-14,06:15:32,599,2022-01-17 18:02:00
sub_0292,usr_531,Basic,CANCELLED,2021-11-01,03:21:10,2022-03-14,05:42:12,599,2022-03-15 22:29:00
sub_0069,usr_534,BASIC,cancelled,0000-00-00,13:20:16,2024-07-24,12:45:45,599,2024-07-24 19:54:00
sub_0447,usr_467,premium,Cancelled,2021-14-12,08:26:06,2022-06-14,21:50:12,1499,2022-06-19 01:50:00
sub_0166,usr_199,Premium,CANCELLED,2020-06-05,13:41:38,2020-10-25,18:08:59,1499,2020-10-27 02:05:00
sub_0085,usr_745,premium,CANCELLED,2020-11-30,21:52:39,2020-10-13,05:55:53,1499,2020-10-18 14:30:00
sub_0401,usr_908,basic,paused,2022-11-23,05:31:47,2023-03-30,02:26:32,599,2023-03-30 11:31:00
sub_0431,usr_384,Basic,PAUSED,2023-02-14,17:02:24,2024-05-27,09:11:49,599,null
sub_0178,usr_677,PREMIUM,Cancelled,0000-00-00,18:53:22,2024-02-16,02:21:00,1499,2024-02-16 07:07:00
sub_0360,usr_762,Standard,cancelled,2024-04-04,12:09:49,2024-05-31,08:11:58,999,2024-06-01 04:56:00
sub_0287,usr_255,Basic,active,0000-00-00,01:39:45,,,599,2024-06-20 22:54:00
sub_0055,usr_528,standard,ACTIVE,2022-06-32,19:41:37,,,,2022-12-24 00:25:00
sub_0315,usr_928,Premium,Cancelled,2022-10-01,12:32:25,2023-07-10,17:29:02,1499,2023-07-14 05:53:00
sub_0414,usr_885,Basic,CANCELLED,2023-08-14,13:21:43,2023-9-6,17:54:49,599,2023-09-08 04:57:00
sub_0242,usr_688,standard,Active,2021-01-31,16:21:51,,,999,2021-02-02 05:46:00
sub_0159,usr_292,basic,Trialing,2024-05-24,13:50:35,2024-07-03,17:18:35,0,2024-07-08 22:17:00
sub_0316,usr_928,Standard,Cancelled,2023-08-10,05:54:34,2023-10-14,18:33:13,999,2023-10-18 07:54:00
sub_0320,usr_811,PREMIUM,cancelled,2023-03-14,14:29:48,2024-03-20,03:15:47,1499,2024-03-25 10:12:00
sub_0044,usr_319,Standard,Trialing,2023-11-13,null,,,NULL,2023-11-18 06:25:00
sub_0061,usr_192,basic,PAUSED,2022-02-25,03:02:02,2022-04-30,20:40:18,599,2022-05-01 09:20:00
sub_0250,usr_606,premium,Cancelled,2024-03-28,16:54:57,2024-05-01,17:13:09,1499,2024-05-05 22:16:00
sub_0087,usr_745,Premium,Cancelled,2021-06-17,07:24:24,2022-08-24,22:00:20,1499,2022-08-24 09:53:00
sub_0199,usr_644,STANDARD,CANCELLED,2021-11-27,06:35:50,,,1499,2021-11-29 02:40:00
sub_0443,usr_525,premium,Cancelled,2020-05-29,18:44:16,2020-10-14,19:23:47,1499,2020-10-19 20:53:00
sub_0226,usr_913,BASIC,Cancelled,0000-00-00,10:56:48,2023-10-19,18:52:28,599,2023-10-20 23:17:00
sub_0158,usr_292,basic,Cancelled,2023-04-12,NULL,2024-03-21,16:07:33,599,2024-03-22 07:46:00
sub_0237,usr_349,Standard,CANCELLED,2023-12-08,23:19:03,2024-02-11,10:32:15,999,2024-02-12 10:07:00
sub_0041,usr_619,standard,canceled,2023-10-29,07:41:51,2023-12-6,15:56:52,999,2023-12-08 07:07:00
sub_0305,usr_882,BASIC,canceled,2021-03-28,15:17:11,2021-08-03,17:13:29,599,2021-08-03 02:43:00
sub_0312,usr_686,Standard,Active,2023-12-24,13:01:18,,,999,2023-12-24 16:31:00
sub_0262,usr_394,STANDARD,CANCELLED,2022-01-11,18:24:46,2022-10-03,19:10:20,999,NULL
sub_0421,usr_909,BASIC,Paused,2021-05-16,20:13:24,2022-04-12,11:57:34,599,2022-04-17 20:37:00
sub_0375,usr_495,STANDARD,Active,2024-06-01,19:07:21,,,999,2024-06-03 10:58:00
sub_0254,usr_451,Standard,active,2022-07-15,15:37:32,,,999,2022-07-18 03:22:00
sub_0294,usr_531,Standard,cancelled,2023-03-29,04:45:30,2023-06-25,09:43:12,999,2023-06-26 21:28:00
sub_0129,usr_247,premium,Paused,2022-05-26,04:38:29,,,N/A,2022-05-27 01:03:00
sub_0099,usr_699,Premium,cancelled,2021-01-28,02:44:46,2021-11-09,10:18:53,1499,2021-11-12 04:55:00
sub_0255,usr_846,Basic,canceled,2023-08-14,18:35:00,2024-03-02,22:58:43,599,2024-03-07 21:47:00
sub_0241,usr_183,basic,ACTIVE,2024-05-09,17:07:05,,,599,2024-05-13 09:48:00
sub_0115,usr_670,PREMIUM,cancelled,2021-09-20,09:25:53,2022-08-30,17:36:17,1499,2022-08-31 13:38:00
sub_0314,usr_928,premium,cancelled,2022-05-15,05:45:41,2022-09-06,20:33:43,1499,2022-09-11 13:12:00
sub_0184,usr_310,Premium,CANCELLED,2020-04-18,21:37:10,2021-05-25,17:41:40,1499,2021-05-26 06:37:00
sub_0025,usr_648,premium,Active,2021-02-04,09:16:23,,,1499,2021-02-06 01:17:00
sub_0246,usr_637,basic,CANCELLED,2024-2-5,00:57:50,2024-04-01,15:47:03,599,2024-04-04 12:19:00
sub_0416,usr_885,Standard,CANCELLED,2023-12-27,07:10:10,2024-13-25,15:03:17,999,2023-12-30 04:55:00
sub_0145,usr_285,BASIC,paused,2024-13-22,23:23:32,2024-05-21,12:21:03,599,2024-05-24 16:23:00
sub_0298,usr_140,Basic,canceled,2024-03-10,16:15:08,2024-04-22,06:28:50,599,2024-04-26 23:51:00
sub_0403,usr_232,standard,Cancelled,2023-06-02,19:54:03,2023-06-22,19:32:58,null,2023-06-27 17:22:00
sub_0358,usr_417,Premium,paused,2024-01-14,23:04:20,2024-03-30,19:11:40,1499,2024-03-31 05:55:00
sub_0412,usr_500,Basic,CANCELLED,2024-09-27,13:30:01,2024-07-31,00:20:22,599,2024-08-03 11:59:00
sub_0322,usr_458,BASIC,cancelled,2023-08-24,13:12:14,2023-9-26,01:54:27,599,2023-09-26 18:24:00
sub_0002,usr_431,BASIC,canceled,2021-11-30,12:25:25,2022-11-09,06:04:13,599,2022-11-09 18:09:00
sub_0121,usr_396,Basic,PAUSED,2021-02-22,22:16:38,2021-09-18,12:38:32,599,2021-09-20 23:49:00
sub_0036,usr_696,Basic,active,2024-03-24,09:52:51,,,599,2024-03-25 10:23:00
sub_0365,usr_556,STANDARD,CANCELLED,2024-01-28,01:23:53,2024-03-30,04:19:18,999,2024-03-31 13:41:00
sub_0274,usr_624,premium,cancelled,2024-02-06,04:09:07,2024-05-17,18:36:06,1499,2024-05-22 01:15:00
sub_0052,usr_528,Premium,cancelled,2020-04-09,14:35:33,2020-09-05,20:54:25,1499,2020-09-09 04:23:00
sub_0014,usr_149,Basic,Cancelled,2022-05-21,20:05:51,2022-07-14,03:29:00,599,2022-07-18 04:02:00
sub_0017,usr_174,basic,canceled,2020-14-21,08:27:10,2021-07-30,09:38:15,599,2021-08-02 00:16:00
sub_0240,usr_183,basic,CANCELLED,2022-11-30,03:45:47,2024-03-29,04:33:06,599,2024-04-01 05:15:00
sub_0012,usr_766,basic,CANCELLED,2023-09-29,16:25:21,2024-3-30,11:01:21,599,2024-04-03 19:18:00
sub_0120,usr_236,basic,Active,2020-11-08,17:53:50,,,599,2020-11-13 12:24:00
sub_0176,usr_677,Standard,PAUSED,2022-02-31,06:31:17,2023-07-16,02:12:08,999,2023-07-20 19:06:00
sub_0139,usr_415,basic,Trialing,2024-06-09,00:44:38,,,0,2024-06-13 06:36:00
sub_0293,usr_531,standard,canceled,2022-05-11,10:43:25,,,999,2022-05-16 16:08:00
sub_0228,usr_913,basic,Cancelled,2024-02-04,18:57:16,2024-03-24,20:15:26,599,2024-03-29 23:03:00
sub_0326,usr_708,standard,CANCELLED,2023-12-11,07:47:45,2024-01-22,03:15:28,999,2024-01-25 05:54:00
sub_0039,usr_619,STANDARD,cancelled,2022-0-01,12:48:10,2023-09-32,10:10:27,999,2022-08-01 13:31:00
sub_0229,usr_913,basic,Cancelled,2024-05-31,10:43:48,2024-06-25,07:27:05,599,2024-06-26 23:14:00
sub_0113,usr_147,PREMIUM,Paused,2022-04-01,04:56:12,2022-11-12,19:57:37,1499,2022-11-14 10:23:00
sub_0114,usr_147,STANDARD,CANCELLED,2023-01-19,16:56:26,2024-03-31,16:57:12,999,2024-04-02 18:40:00
sub_0060,usr_346,PREMIUM,active,2024-03-30,22:41:40,,,1499,2024-10-30 17:57:00
sub_0187,usr_310,Premium,Cancelled,2023-01-08,05:24:17,2023-08-01,11:56:52,1499,2023-08-05 19:12:00
sub_0122,usr_396,Basic,Paused,2021-10-04,22:11:49,2022-01-28,03:04:35,599,2022-02-02 09:05:00
sub_0449,usr_799,PREMIUM,CANCELLED,2024-03-20,19:34:24,2024-04-13,10:41:57,1499,2024-04-18 18:32:00
sub_0263,usr_394,Premium,paused,2022-10-28,17:31:17,2023-07-26,01:09:27,1499,2023-07-30 13:45:00
sub_0162,usr_481,PREMIUM,canceled,2024-02-21,19:48:16,2024-04-12,18:30:36,1499,2024-04-14 16:13:00
sub_0189,usr_608,STANDARD,cancelled,2022-01-11,21:24:33,2023-05-10,15:23:44,999,2023-05-10 17:24:00
sub_0070,usr_534,Premium,paused,2024-08-26,NULL,2024-09-16,05:45:50,1499,2024-09-20 14:34:00
sub_0031,usr_474,basic,Cancelled,2020-01-03,NULL,2020-12-08,20:27:44,599,2020-12-12 06:24:00
sub_0386,usr_272,PREMIUM,canceled,2020-11-18,10:36:17,2020-12-18,11:01:04,1499,2020-12-18 16:26:00
sub_0284,usr_450,PREMIUM,active,2024-08-05,11:44:01,,,1499,2024-08-10 09:51:00
sub_0407,usr_353,standard,cancelled,2022-06-29,03:13:13,,,999,2022-06-29 03:50:00
sub_0204,usr_537,STANDARD,Active,2021-07-12,23:46:24,,,999,
sub_0309,usr_686,BASIC,CANCELLED,2021-05-31,06:09:28,2022-02-14,16:10:27,599,2022-02-18 00:26:00
sub_0071,usr_534,Premium,ACTIVE,2024-10-12,N/A,,,1499,2024-10-17 01:16:00
sub_0076,usr_160,premium,Paused,2025-02-03,08:26:14,,,1499,2025-02-08 15:15:00
sub_0010,usr_504,standard,CANCELLED,2020-12-22,19:32:38,2021-08-30,15:32:15,999,2021-08-31 14:08:00
sub_0230,usr_284,basic,canceled,2022-01-17,null,2022-12-18,02:30:37,599,2022-12-23 13:20:00
sub_0221,usr_406,premium,PAUSED,2022-09-18,12:07:03,2022-11-05,05:32:55,1499,2022-11-08 23:08:00
sub_0269,usr_993,STANDARD,cancelled,2023-02-08,10:56:06,2023-05-10,09:21:24,null,2023-05-13 03:18:00
sub_0096,usr_163,Standard,Active,2023-03-15,08:31:06,,,999,2023-03-20 06:35:00
sub_0123,usr_396,Standard,Active,2022-04-03,20:55:55,,,999,2022-04-05 13:01:00
sub_0195,usr_796,STANDARD,PAUSED,2023-09-18,12:25:53,2023-10-14,15:51:21,999,2023-10-19 16:26:00
sub_0372,usr_833,BASIC,Active,2024-09-12,03:30:04,,,599,2024-09-15 17:53:00
sub_0212,usr_576,Standard,TRIALING,2024-02-31,null,,,0,2024-06-03 08:51:00
sub_0328,usr_708,Basic,Trialing,2024-04-13,00:03:55,,,0,2024-04-15 04:58:00
sub_0050,usr_188,standard,trialing,0000-00-00,15:18:51,,,0,2024-01-09 05:20:00
sub_0216,usr_564,basic,CANCELLED,2023-01-02,04:35:07,2024-05-07,05:57:06,599,2024-05-10 23:56:00
sub_0134,usr_220,PREMIUM,ACTIVE,2021-07-23,09:04:42,,,null,2021-07-28 05:24:00
sub_0215,usr_965,Standard,Active,2023-05-26,02:44:55,,,999,2023-05-31 02:38:00
sub_0392,usr_219,STANDARD,Active,2022-06-21,10:08:26,,,999,null
sub_0157,usr_292,Basic,paused,2022-03-24,21:45:25,,,599,NULL
sub_0083,usr_328,basic,canceled,2022-08-04,13:35:06,,,599,2022-08-04 06:55:00
sub_0165,usr_199,Premium,Paused,2020-05-30,22:34:17,2020-05-24,14:05:33,1499,2020-05-26 19:49:00
sub_0183,usr_733,STANDARD,paused,2023-14-15,01:54:23,,,999,2023-02-18 21:49:00
sub_0148,usr_205,Basic,active,2022-05-18,19:18:55,,,599,2022-05-18 02:51:00
sub_0048,usr_188,BASIC,CANCELLED,2023-02-10,18:15:27,2023-10-16,05:01:00,599,2023-10-20 14:53:00
sub_0197,usr_796,BASIC,canceled,2024-04-01,09:08:41,2024-04-23,19:38:52,599,2024-04-23 11:43:00
sub_0169,usr_660,PREMIUM,canceled,2022-08-24,13:53:37,2023-03-32,10:21:12,1499,2022-08-28 08:05:00
sub_0006,usr_254,PREMIUM,cancelled,2021-04-23,15:58:41,2022-07-14,12:50:45,1499,2022-07-19 10:05:00
sub_0016,usr_149,basic,Active,2023-03-13,20:27:42,,,599,2023-03-15 06:53:00
sub_0379,usr_929,BASIC,Paused,2022-07-09,18:03:09,,,599,2022-07-12 06:00:00
sub_0307,usr_671,Basic,CANCELLED,2023-0-08,21:05:18,2023-10-31,22:51:10,599,2023-10-31 23:58:00
sub_0290,usr_600,BASIC,PAUSED,2022-12-15,02:19:29,2023-0-05,05:23:00,599,2022-12-17 16:23:00
sub_0418,usr_182,BASIC,cancelled,2022-11-08,15:54:15,2023-10-27,23:41:17,599,2023-10-28 08:00:00
sub_0098,usr_690,premium,active,0000-00-00,05:33:49,,,1499,2022-05-15 15:48:00
sub_0357,usr_818,BASIC,active,0000-00-00,22:37:00,,,599,2023-05-29 18:57:00
sub_0278,usr_268,Premium,CANCELLED,2024-07-04,10:15:17,,,1499,2024-07-06 20:06:00
sub_0302,usr_179,standard,PAUSED,2021-12-20,06:54:49,2023-01-16,18:11:41,999,2023-01-21 05:44:00
sub_0302,usr_179,standard,PAUSED,2021-12-20,06:54:49,2023-01-16,18:11:41,999,2023-01-21 05:44:00
sub_0346,usr_780,Standard,cancelled,2022-10-10,15:12:02,2022-12-12,03:31:09,999,2022-12-16 19:09:00
sub_0343,usr_813,Standard,CANCELLED,2023-08-12,09:48:47,2024-01-09,23:00:14,999,2024-01-11 10:01:00
sub_0046,usr_138,Basic,ACTIVE,0000-00-00,01:58:30,,,599,2021-06-24 05:40:00
sub_0366,usr_556,Basic,CANCELLED,2024-05-10,04:19:24,2024-05-30,02:33:21,599,2024-06-03 17:50:00
sub_0448,usr_467,STANDARD,Active,2022-07-25,05:08:05,,,999,2022-07-26 08:56:00
sub_0135,usr_684,standard,PAUSED,2021-02-04,16:29:27,2022-05-13,12:38:39,999,2022-05-18 09:36:00
sub_0088,usr_745,PREMIUM,canceled,2022-10-18,15:22:34,2023-12-20,23:59:14,1499,2023-12-21 08:37:00
sub_0140,usr_673,PREMIUM,CANCELLED,2021-02-31,N/A,2022-12-24,19:22:06,1499,2022-12-29 07:16:00
sub_0439,usr_823,Basic,canceled,2022-12-18,22:47:51,2023-01-26,14:48:55,599,2023-01-30 12:16:00
sub_0030,usr_196,Premium,paused,2024-09-31,14:28:15,,,1499,2024-03-26 22:41:00
sub_0450,usr_799,Premium,PAUSED,2024-07-11,02:06:30,2024-08-10,04:34:51,1499,2024-08-11 20:07:00
sub_0131,usr_653,STANDARD,active,2020-12-13,23:41:44,,,999,2020-12-15 11:11:00
sub_0424,usr_511,STANDARD,cancelled,2023-02-06,15:09:13,2024-04-09,01:03:26,999,2024-04-14 17:09:00
sub_0231,usr_284,BASIC,Cancelled,2023-01-30,17:41:13,2023-08-27,09:41:16,599,2023-08-31 01:12:00
sub_0172,usr_829,Standard,cancelled,2020-12-15,06:03:11,0000-00-00,02:52:38,999,2020-12-16 15:14:00
sub_0330,usr_693,Premium,Active,2021-07-31,17:10:28,,,1499,2021-07-31 02:58:00
sub_0073,usr_160,Premium,canceled,2024-05-04,09:48:35,2024-06-28,08:45:24,1499,2024-07-03 08:22:00
sub_0019,usr_174,premium,CANCELLED,2022-01-26,22:50:56,2023-02-18,04:18:46,1499,2023-02-22 20:27:00
sub_0137,usr_415,standard,CANCELLED,2022-03-22,06:35:47,2023-3-9,16:42:16,999,2023-03-13 22:07:00
sub_0270,usr_993,STANDARD,TRIALING,2023-06-02,20:12:34,,,0,2023-06-04 22:15:00
sub_0388,usr_272,premium,Active,2021-11-04,07:14:11,,,1499,2021-11-08 15:12:00
sub_0334,usr_170,STANDARD,canceled,2020-02-02,00:17:54,,,999,2020-02-07 23:05:00
sub_0015,usr_149,basic,Cancelled,2022-09-23,09:40:19,2023-03-10,21:11:17,599,2023-03-10 23:32:00
sub_0411,usr_500,basic,CANCELLED,2023-06-28,21:19:21,2024-07-01,12:23:14,599,2024-07-01 06:33:00
sub_0395,usr_605,PREMIUM,active,2024-05-11,22:48:13,,,1499,2024-05-13 22:56:00
sub_0348,usr_166,PREMIUM,cancelled,2023-12-26,11:43:05,2024-06-15,12:51:51,1499,2024-06-19 00:12:00
sub_0367,usr_556,basic,active,2024-07-28,10:55:26,,,599,2024-07-30 01:09:00
sub_0338,usr_376,STANDARD,active,2023-02-07,03:02:05,,,999,2023-02-10 07:17:00
sub_0125,usr_529,PREMIUM,CANCELLED,2023-02-05,16:16:59,2024-05-32,01:56:54,1499,2023-02-05 01:50:00
sub_0066,usr_664,BASIC,PAUSED,2024-05-25,06:17:19,,,599,2024-05-29 16:22:00
sub_0154,usr_754,Premium,canceled,2022-05-15,11:03:14,2023-09-11,21:40:55,1499,2023-09-12 11:13:00
sub_0171,usr_829,Standard,CANCELLED,2020-10-16,22:35:42,2020-11-09,13:36:52,999,2020-11-10 22:13:00
sub_0432,usr_384,basic,Cancelled,2024-07-15,19:07:35,2024-08-15,15:55:54,599,2024-08-16 03:25:00
sub_0222,usr_406,Premium,cancelled,2022-14-18,15:30:16,2023-10-25,16:57:01,1499,2023-10-26 15:42:00
sub_0344,usr_780,basic,Cancelled,2021-07-11,20:23:21,2022-03-06,18:59:28,599,2022-03-11 01:21:00
sub_0218,usr_564,basic,cancelled,2024-08-04,20:05:36,2024-06-30,11:34:46,599,2024-07-02 05:33:00
sub_0451,usr_799,premium,cancelled,2024-10-06,17:20:18,2024-10-26,00:38:16,1499,2024-10-26 16:21:00
sub_0034,usr_474,BASIC,trialing,2023-01-17,07:31:26,,,0,2023-01-17 19:09:00
sub_0203,usr_537,Standard,Paused,2021-4-24,null,2021-06-25,10:30:57,999,2021-06-27 16:24:00
sub_0355,usr_818,Basic,cancelled,2022-06-21,12:31:28,2023-01-32,04:55:03,599,2022-06-21 07:53:00
sub_0149,usr_695,PREMIUM,Active,2021-07-08,20:20:59,,,1499,2021-07-13 10:11:00
sub_0209,usr_421,BASIC,Cancelled,2023-10-32,09:29:25,2023-02-06,16:51:53,599,2023-02-11 13:07:00
sub_0404,usr_232,Standard,ACTIVE,2023-13-20,08:28:09,,,999,2023-08-21 14:10:00
sub_0153,usr_754,Premium,paused,2021-06-14,05:55:47,2022-04-32,14:55:31,1499,2021-06-15 10:50:00
sub_0289,usr_600,BASIC,canceled,2022-01-13,09:17:30,2022-09-29,01:42:24,599,2022-10-02 17:24:00
sub_0371,usr_833,Premium,PAUSED,2024-05-18,01:23:27,0000-00-00,19:51:42,1499,N/A
sub_0434,usr_540,STANDARD,canceled,2020-10-26,21:31:53,2022-03-06,13:41:53,599,2022-03-10 03:33:00
sub_0332,usr_567,Premium,Paused,2023-05-25,19:58:05,2023-07-16,13:16:31,1499,2023-07-21 05:32:00
sub_0194,usr_796,STANDARD,CANCELLED,0000-00-00,14:49:00,2023-07-09,11:16:15,999,2023-07-12 22:07:00
sub_0363,usr_691,Standard,PAUSED,2022-09-17,03:25:41,,,999,2022-09-21 20:45:00
sub_0170,usr_660,PREMIUM,Active,2023-11-06,21:03:19,,,1499,2023-11-06 06:34:00
sub_0078,usr_679,Premium,Cancelled,2020-07-11,04:02:13,2021-1-20,21:23:21,1499,2021-01-22 13:21:00
sub_0104,usr_506,Premium,cancelled,2024-05-07,13:42:40,,,1499,2024-05-10 20:02:00
sub_0047,usr_188,BASIC,cancelled,2022-08-26,12:33:10,2022-11-30,23:52:57,599,2022-12-05 10:07:00
sub_0288,usr_600,basic,canceled,2021-10-21,16:41:54,2022-01-11,14:19:26,599,2022-01-14 07:41:00
sub_0445,usr_525,Premium,TRIALING,2022-03-08,23:33:42,,,0,2022-03-11 05:54:00
sub_0394,usr_605,Standard,Paused,2023-10-8,18:55:52,2024-03-18,08:25:36,999,2024-03-18 13:50:00
sub_0437,usr_385,standard,canceled,2022-05-09,13:45:30,2023-05-31,17:18:10,999,2023-05-31 16:09:00
sub_0437,usr_385,standard,canceled,2022-05-09,13:45:30,2023-05-31,17:18:10,999,2023-05-31 16:09:00
sub_0333,usr_567,Standard,canceled,2023-07-30,17:40:46,2023-08-13,16:08:18,999,2023-08-17 15:39:00
sub_0256,usr_846,Standard,Cancelled,2024-04-27,21:14:21,2024-06-06,05:18:07,999,2024-06-09 15:17:00
sub_0156,usr_754,Premium,Trialing,2023-03-31,13:55:08,,,0,2023-11-29 09:09:00
sub_0181,usr_733,BASIC,Cancelled,2021-04-24,16:45:52,2021-06-20,03:02:13,599,2021-06-20 14:37:00
sub_0043,usr_319,PREMIUM,CANCELLED,2023-05-12,00:52:20,2023-09-03,02:13:02,1499,2023-09-06 21:35:00
sub_0339,usr_585,standard,cancelled,2024-01-05,20:51:25,2024-05-01,11:43:17,999,2024-05-04 07:39:00
sub_0100,usr_699,premium,Paused,2022-01-12,11:36:38,2022-10-25,16:04:07,1499,2022-10-27 22:55:00
sub_0200,usr_644,Premium,Paused,2023-03-14,01:51:23,2024-03-04,02:41:30,1499,2024-03-09 19:29:00
sub_0026,usr_196,Standard,canceled,2021-05-25,06:49:23,2022-07-32,17:35:13,999,2021-05-29 04:41:00
sub_0378,usr_929,basic,Cancelled,2020-12-31,14:28:50,2022-05-09,08:59:33,599,2022-05-12 19:35:00
sub_0272,usr_954,PREMIUM,active,2021-08-24,05:00:36,,,1499,2021-08-26 18:56:00
sub_0390,usr_725,BASIC,Active,2023-03-19,19:36:26,,,599,2023-03-20 14:16:00
sub_0266,usr_723,STANDARD,canceled,2020-09-25,07:16:52,2021-01-30,06:29:38,999,2021-02-03 05:08:00
sub_0033,usr_474,BASIC,cancelled,2021-10-20,13:23:43,2022-12-22,16:04:13,599,2022-12-23 14:14:00
sub_0409,usr_507,premium,canceled,2020-13-07,01:23:43,2021-01-29,05:03:37,1499,2021-01-29 16:16:00
sub_0317,usr_448,standard,ACTIVE,2021-02-25,07:24:29,,,999,
sub_0058,usr_346,PREMIUM,paused,2024-05-09,09:41:59,2024-04-31,23:12:10,1499,2024-05-13 07:24:00
sub_0313,usr_928,Premium,Cancelled,2021-08-19,13:58:57,2022-04-18,08:52:54,1499,2022-04-19 17:00:00
sub_0174,usr_164,basic,ACTIVE,2023-11-25,14:18:48,,,599,2023-11-27 10:35:00
sub_0227,usr_913,basic,paused,2023-11-21,02:18:48,2023-11-30,09:51:42,599,2023-12-03 21:33:00
sub_0056,usr_171,PREMIUM,ACTIVE,2023-06-08,04:26:12,,,1499,2023-06-12 09:04:00
sub_0192,usr_608,STANDARD,paused,2024-05-22,12:49:23,2024-06-15,15:12:39,999,2024-06-17 12:20:00
sub_0446,usr_467,PREMIUM,cancelled,2021-05-31,13:13:22,2021-06-20,04:02:19,1499,2021-06-23 11:33:00
sub_0377,usr_929,Premium,CANCELLED,2020-04-11,08:58:52,2020-05-31,00:23:03,1499,2020-06-03 03:38:00
sub_0393,usr_605,basic,Cancelled,2022-09-18,14:35:07,2023-08-20,06:40:38,599,2023-08-21 18:55:00
sub_0368,usr_391,Basic,cancelled,2023-08-27,01:21:19,2023-09-21,11:45:44,599,2023-09-25 18:23:00
sub_0008,usr_254,basic,CANCELLED,2024-05-30,16:15:48,2024-03-15,01:58:47,599,2024-03-19 13:52:00
sub_0101,usr_699,PREMIUM,paused,2022-11-26,16:01:33,2023-01-17,05:10:06,1499,2023-01-17 00:06:00
sub_0207,usr_895,BASIC,paused,2024-05-15,07:06:58,2024-06-23,12:15:59,599,2024-06-27 13:16:00
sub_0086,usr_745,premium,canceled,2020-10-21,13:30:24,2021-03-29,18:21:18,1499,2021-04-02 10:55:00
sub_0054,usr_528,Premium,CANCELLED,2022-1-15,11:34:14,0000-00-00,11:39:53,599,2022-01-18 03:04:00
sub_0106,usr_150,STANDARD,CANCELLED,2020-06-22,04:28:07,2021-10-23,09:17:15,999,2021-10-28 18:14:00
sub_0310,usr_686,BASIC,canceled,2022-03-21,02:06:59,2022-09-11,00:51:24,null,2022-09-16 02:52:00
sub_0141,usr_673,Basic,CANCELLED,2023-2-4,08:11:09,2024-05-16,12:53:09,599,null
sub_0049,usr_188,Standard,cancelled,2023-12-18,14:32:32,2023-14-31,10:49:46,999,2023-12-23 04:01:00
sub_0009,usr_504,standard,cancelled,2020-02-08,04:11:09,2020-14-08,16:33:35,999,2020-02-09 08:02:00
sub_0247,usr_637,STANDARD,cancelled,2024-05-31,23:55:22,2024-07-12,16:04:30,999,2024-07-13 06:23:00
sub_0251,usr_606,premium,trialing,2024-6-27,00:51:21,,,0,2024-06-28 07:38:00
sub_0399,usr_323,Premium,cancelled,2022-04-20,12:39:08,2022-11-13,11:49:20,1499,2022-11-13 04:08:00
sub_0214,usr_965,STANDARD,CANCELLED,2022-03-30,20:05:41,2023-05-10,00:45:16,999,2023-05-13 19:43:00
sub_0067,usr_534,basic,Cancelled,2024-02-01,03:12:24,2024-02-25,13:17:12,599,2024-02-28 01:00:00
sub_0440,usr_823,basic,PAUSED,2023-01-29,23:40:23,,,599,2023-01-29 22:07:00
sub_0084,usr_328,Basic,ACTIVE,2023-03-08,05:59:03,,,599,2023-03-13 17:45:00
sub_0396,usr_975,basic,paused,2022-12-20,18:36:38,,,599,2022-12-22 11:46:00
sub_0232,usr_284,basic,active,2023-0-05,05:05:44,,,599,2023-09-06 00:01:00
sub_0380,usr_455,PREMIUM,trialing,2022-06-26,05:45:00,,,0,2022-06-28 07:15:00
sub_0405,usr_353,Basic,cancelled,2021-01-16,12:00:49,2021-03-10,13:59:10,599,2021-03-10 20:04:00
sub_0286,usr_255,basic,CANCELLED,2024-03-22,13:27:12,2024-4-3,08:28:32,599,2024-04-06 12:11:00
sub_0130,usr_653,Basic,cancelled,2020-08-19,18:23:18,2020-02-31,23:45:21,599,2020-08-22 15:12:00
sub_0280,usr_875,Premium,Active,2023-04-08,22:53:23,,,,2023-04-12 23:27:00
sub_0331,usr_567,Premium,canceled,2022-4-18,12:21:12,2023-05-08,14:34:23,1499,2023-05-11 09:18:00
sub_0296,usr_140,Standard,Paused,2023-09-04,05:12:20,,,999,2023-09-09 09:42:00
sub_0132,usr_220,Premium,CANCELLED,2020-07-28,10:24:11,2021-01-27,04:35:58,1499,2021-01-31 20:58:00
sub_0239,usr_349,standard,active,2024-08-07,02:40:59,,,999,2024-08-11 01:19:00
sub_0285,usr_255,premium,paused,2024-02-18,11:12:17,2024-03-02,13:55:28,1499,2024-03-03 22:10:00
sub_0429,usr_662,Standard,Cancelled,2024-08-10,19:20:27,2024-09-19,06:07:17,999,2024-09-23 20:17:00
sub_0080,usr_226,STANDARD,Cancelled,2023-02-09,12:19:06,,,999,2023-02-13 04:40:00
sub_0059,usr_346,PREMIUM,Paused,2024-07-27,16:44:00,2024-08-15,09:50:13,1499,2024-08-16 01:01:00
sub_0304,usr_882,basic,cancelled,2020-8-21,23:06:28,2021-01-03,01:20:48,599,2021-01-05 13:04:00
sub_0422,usr_909,standard,Cancelled,2022-04-14,20:13:03,2022-07-09,11:52:59,999,2022-07-14 21:35:00
sub_0370,usr_833,PREMIUM,Cancelled,2023-01-30,07:00:46,2024-03-05,04:10:54,1499,2024-03-07 00:53:00
sub_0102,usr_506,Premium,cancelled,2023-07-28,22:28:06,2023-08-30,15:37:32,1499,2023-08-31 17:37:00
sub_0260,usr_559,Standard,cancelled,2022-08-07,08:28:14,2023-08-06,05:10:11,999,2023-08-09 16:39:00
sub_0065,usr_664,basic,cancelled,2024-02-02,20:14:29,2024-03-15,04:55:53,599,2024-03-18 22:49:00
sub_0282,usr_450,Standard,Cancelled,2024-04-16,18:14:39,,,999,2024-04-21 14:49:00
sub_0291,usr_600,Standard,Active,2023-03-11,06:14:56,,,999,2023-03-11 19:45:00
sub_0301,usr_179,standard,Cancelled,2020-11-01,13:24:17,2021-11-25,06:10:30,999,2021-11-25 00:59:00
sub_0022,usr_940,BASIC,CANCELLED,2024-04-19,06:04:38,,,599,2024-04-19 22:13:00
sub_0435,usr_663,STANDARD,cancelled,2020-10-01,19:01:35,2021-07-24,05:26:11,999,2021-07-29 02:34:00
sub_0406,usr_353,premium,canceled,2021-03-24,04:34:32,2022-06-15,10:44:05,1499,2022-06-19 20:35:00
sub_0279,usr_268,STANDARD,canceled,2024-07-22,09:04:59,,,999,2024-07-22 22:50:00
sub_0324,usr_458,Premium,active,2023-12-24,07:22:36,,,1499,2023-12-28 07:59:00
sub_0051,usr_544,standard,active,2022-10-25,19:32:15,,,999,2022-10-30 10:57:00
sub_0155,usr_754,Premium,CANCELLED,2023-10-14,18:50:10,,,1499,2023-10-18 14:13:00
sub_0196,usr_796,Basic,canceled,2023-0-07,18:42:15,2024-03-15,08:50:54,599,2024-03-16 16:07:00
sub_0300,usr_784,Basic,Cancelled,2024-03-09,04:35:35,2024-05-02,21:55:06,599,2024-05-07 22:27:00
sub_0351,usr_162,Basic,active,2023-11-25,05:09:49,,,599,2023-11-25 14:59:00
sub_0373,usr_495,Standard,canceled,2023-01-09,23:13:52,2023-04-02,22:08:34,999,2023-04-03 07:14:00
sub_0035,usr_696,STANDARD,Cancelled,2023-12-29,02:59:10,2024-02-05,01:19:42,999,2024-02-05 00:05:00
sub_0079,usr_679,Standard,active,2021-03-29,08:55:32,,,999,2021-03-31 04:37:00
sub_0426,usr_511,Premium,ACTIVE,2024-06-24,10:18:14,,,1499,2024-06-24 09:07:00
sub_0045,usr_138,STANDARD,cancelled,2020-07-04,14:49:10,2021-05-02,12:05:36,999,2021-05-04 09:10:00
sub_0020,usr_174,PREMIUM,Cancelled,2023-03-09,00:52:43,2023-11-30,11:06:24,null,2023-12-03 08:00:00
sub_0090,usr_742,premium,canceled,2024-05-15,15:23:55,2024-05-25,19:01:22,599,2024-05-29 15:37:00
sub_0097,usr_690,Standard,Cancelled,2022-01-16,07:06:24,,,999,2022-01-16 16:18:00
sub_0444,usr_525,Premium,canceled,2020-11-18,17:39:28,0000-00-00,08:45:07,1499,2020-11-19 01:51:00
sub_0444,usr_525,Premium,canceled,2020-11-18,17:39:28,0000-00-00,08:45:07,1499,2020-11-19 01:51:00
sub_0438,usr_385,standard,paused,2023-07-06,14:35:14,,,1499,2023-07-10 14:19:00
sub_0425,usr_511,Premium,Cancelled,2024-04-27,16:54:17,2024-05-10,11:12:46,1499,2024-05-12 13:13:00
sub_0021,usr_174,premium,active,2023-07-22,02:47:47,,,1499,2023-07-27 20:29:00
sub_0038,usr_159,Premium,Trialing,2024-01-18,12:50:16,,,0,2024-01-23 09:52:00
sub_0124,usr_529,premium,Cancelled,2021-12-22,03:17:58,2023-01-10,12:02:38,1499,2023-01-15 01:35:00
sub_0327,usr_708,Standard,cancelled,2024-03-30,00:25:53,2024-13-07,04:59:19,999,2024-03-15 16:48:00
sub_0093,usr_988,premium,canceled,2024-05-12,01:16:50,2024-6-29,10:48:00,1499,2024-07-02 20:06:00
sub_0081,usr_226,BASIC,active,2024-06-28,20:48:11,,,599,2024-07-03 00:23:00
sub_0117,usr_670,Basic,canceled,2024-03-13,19:24:01,2024-05-05,14:03:39,599,2024-05-06 10:00:00
sub_0040,usr_619,STANDARD,cancelled,2023-07-29,07:47:34,2023-09-25,08:36:17,999,2023-09-26 07:09:00
sub_0430,usr_662,standard,canceled,2024-13-02,16:48:52,2025-01-08,01:14:13,999,2025-01-12 15:22:00
sub_0325,usr_708,Basic,Cancelled,2023-09-13,17:40:46,,,NULL,2023-09-18 22:03:00
sub_0217,usr_564,basic,CANCELLED,2024-06-27,07:06:54,,,599,2024-07-01 09:42:00
sub_0146,usr_285,basic,ACTIVE,2024-08-15,21:29:25,,,599,2024-08-20 09:16:00
sub_0042,usr_619,Basic,ACTIVE,2024-02-02,05:28:38,,,599,2024-02-04 06:02:00
sub_0027,usr_196,standard,CANCELLED,2022-09-16,10:18:19,2023-05-01,09:30:35,999,2023-05-02 16:57:00
sub_0118,usr_670,Basic,ACTIVE,2024-06-03,02:15:43,,,599,2024-06-06 00:50:00
sub_0281,usr_450,basic,cancelled,2024-01-08,02:42:14,2024-13-04,18:20:54,599,2024-01-13 18:34:00
sub_0011,usr_504,Standard,trialing,2021-14-03,09:50:07,,,0,2021-10-04 14:14:00
sub_0001,usr_431,basic,Cancelled,2021-04-17,07:42:14,2021-09-18,04:26:34,599,2021-09-22 19:41:00
sub_0075,usr_160,premium,canceled,2024-10-16,11:50:09,2024-11-24,22:38:50,1499,2024-11-25 15:44:00
sub_0208,usr_895,BASIC,ACTIVE,2024-9-18,04:51:33,,,599,
sub_0128,usr_247,Premium,Cancelled,0000-00-00,21:45:31,2022-03-04,16:44:28,1499,2022-03-09 04:37:00
sub_0423,usr_909,standard,Active,2022-08-24,17:03:03,,,999,2022-08-27 11:54:00
sub_0383,usr_463,standard,canceled,2021-11-03,23:15:15,2022-08-07,13:34:41,999,2022-08-09 02:04:00
sub_0410,usr_507,premium,active,2021-04-14,08:08:32,,,1499,2021-04-15 09:57:00
sub_0013,usr_766,basic,active,2024-13-26,01:57:49,,,599,2024-05-30 18:31:00
sub_0142,usr_935,basic,Active,2020-03-13,20:43:38,,,599,2020-03-17 16:04:00
sub_0168,usr_660,premium,canceled,2022-04-02,09:35:21,,,1499,2022-04-06 14:03:00
sub_0350,usr_166,basic,Active,2024-08-06,21:43:37,,,599,2024-08-10 03:31:00
sub_0347,usr_166,Basic,canceled,2022-08-21,12:13:49,2023-12-10,06:34:32,599,2023-12-15 07:38:00
sub_0127,usr_529,premium,PAUSED,2024-11-30,06:02:44,,,1499,2024-12-01 17:16:00
sub_0116,usr_670,basic,canceled,2022-11-25,16:31:52,2024-01-31,20:00:43,599,2024-02-02 05:02:00
sub_0389,usr_725,BASIC,canceled,2022-04-26,07:19:02,2023-03-05,18:24:04,599,2023-03-05 22:05:00
sub_0337,usr_195,Basic,active,2021-03-17,14:57:34,,,599,2021-03-17 12:09:00
sub_0441,usr_823,STANDARD,cancelled,2023-3-17,16:53:04,2023-04-06,16:10:10,999,2023-04-10 00:20:00
sub_0068,usr_534,BASIC,canceled,2024-03-10,00:09:16,2024-04-01,13:44:36,599,2024-04-06 20:56:00
sub_0428,usr_662,Standard,CANCELLED,2024-7-4,02:05:25,2024-08-01,08:01:13,999,2024-08-03 14:10:00
sub_0244,usr_407,basic,TRIALING,2020-07-01,20:51:03,,,0,2020-07-06 10:24:00
sub_0341,usr_585,STANDARD,Cancelled,2024-09-24,06:27:50,2024-10-01,06:20:30,999,2024-10-02 20:48:00
sub_0433,usr_240,Basic,ACTIVE,2022-07-21,19:05:45,,,599,2022-07-25 17:38:00
sub_0175,usr_677,Basic,cancelled,2022-03-12,20:18:14,2022-07-11,23:11:27,599,2022-07-11 21:59:00
sub_0374,usr_495,Standard,Cancelled,2023-06-27,17:24:38,2024-03-14,09:25:02,999,2024-03-18 00:54:00
sub_0103,usr_506,standard,cancelled,2023-08-28,00:40:24,2024-04-06,01:49:23,999,2024-04-10 10:52:00
sub_0029,usr_196,Premium,Cancelled,0000-00-00,16:33:40,2024-01-25,07:24:25,1499,2024-01-25 04:02:00
sub_0398,usr_323,PREMIUM,cancelled,2021-06-07,21:55:31,2022-02-10,16:01:41,1499,2022-02-13 15:04:00
sub_0072,usr_160,PREMIUM,canceled,2023-07-11,08:06:14,2024-04-25,12:29:13,1499,2024-04-28 20:35:00
sub_0190,usr_608,STANDARD,CANCELLED,2023-05-18,N/A,2023-08-19,18:32:02,999,2023-08-21 20:48:00
sub_0091,usr_742,STANDARD,active,2024-08-11,04:16:53,,,999,2024-08-15 11:55:00
sub_0185,usr_310,PREMIUM,CANCELLED,2021-06-27,01:25:42,2022-09-12,02:14:41,1499,2022-09-15 09:00:00
sub_0258,usr_846,standard,active,2024-09-15,07:14:03,,,999,2024-09-15 04:27:00
sub_0415,usr_885,basic,canceled,2023-09-20,02:50:55,2023-10-18,02:20:45,599,2023-10-22 10:16:00
sub_0362,usr_691,Standard,cancelled,2021-08-19,22:50:03,,,999,2021-08-20 15:34:00
sub_0391,usr_219,Standard,CANCELLED,2021-04-10,18:42:40,2022-12-32,04:04:07,999,NULL
sub_0186,usr_310,Premium,Cancelled,2022-10-26,19:19:29,2022-12-27,14:39:02,1499,2022-12-30 13:42:00
sub_0180,usr_161,STANDARD,active,2020-04-19,22:47:14,,,999,2020-04-23 16:07:00
sub_0225,usr_913,Basic,CANCELLED,2021-10-21,13:42:45,2022-12-09,00:09:38,599,2022-12-14 12:08:00
sub_0213,usr_965,standard,Cancelled,2021-12-31,07:56:21,,,999,2022-01-04 01:41:00
sub_0308,usr_671,Basic,Active,2024-01-22,03:33:29,,,599,2024-01-23 10:30:00
sub_0243,usr_407,BASIC,Paused,2020-01-01,08:38:02,2020-05-16,08:23:19,599,2020-05-17 00:58:00
sub_0074,usr_160,premium,canceled,2024-08-22,11:09:59,2024-09-01,10:50:08,,2024-09-02 02:41:00
sub_0356,usr_818,Basic,CANCELLED,2023-02-20,03:14:11,2023-05-09,22:45:50,599,2023-05-10 02:46:00
sub_0164,usr_481,STANDARD,PAUSED,2024-7-31,20:30:46,,,999,2024-08-01 19:23:00
sub_0057,usr_346,premium,canceled,2024-01-05,13:47:58,2024-04-23,03:16:14,1499,2024-04-28 08:45:00
sub_0268,usr_723,Standard,canceled,2022-02-09,23:24:14,2023-04-26,06:59:16,999,2023-04-27 04:57:00
sub_0193,usr_608,Premium,Paused,2024-08-11,13:40:10,,,1499,2024-08-15 21:26:00
sub_0150,usr_953,STANDARD,CANCELLED,2021-11-16,14:55:00,2022-09-20,10:03:26,null,2022-09-21 16:49:00
sub_0442,usr_823,Standard,canceled,2023-04-22,20:15:59,2024-03-10,18:16:08,999,2024-03-12 22:05:00
sub_0082,usr_328,Basic,paused,2021-07-30,18:41:37,2022-06-11,01:52:07,599,2022-06-14 02:00:00
sub_0163,usr_481,Premium,canceled,2024-05-01,20:55:58,2024-06-28,13:07:26,1499,2024-07-03 16:33:00
sub_0257,usr_846,Standard,CANCELLED,2024-06-10,15:07:21,2024-07-08,02:23:51,999,2024-07-11 05:44:00
sub_0359,usr_417,Premium,paused,2024-04-04,21:17:28,,,1499,2024-04-08 06:28:00
sub_0275,usr_981,basic,cancelled,2022-01-01,18:24:27,2022-05-14,01:28:32,599,2022-05-14 08:05:00
sub_0191,usr_608,STANDARD,CANCELLED,2023-09-11,15:45:23,,,999,2023-09-15 01:10:00
sub_0160,usr_481,Standard,CANCELLED,2022-03-03,20:00:15,2023-03-13,12:15:52,999,2023-03-13 22:03:00
sub_0376,usr_929,premium,paused,2020-02-17,23:20:14,2020-03-09,13:34:16,1499,2020-03-13 08:44:00
sub_0126,usr_529,Premium,CANCELLED,2024-09-16,12:47:39,2024-09-26,13:28:59,1499,2024-10-01 20:28:00
sub_0238,usr_349,Standard,canceled,2024-05-02,02:06:42,2024-14-06,16:14:28,999,2024-05-07 11:34:00
sub_0151,usr_953,PREMIUM,Cancelled,2022-11-02,04:42:38,,,1499,2022-11-07 14:35:00
sub_0252,usr_451,Premium,canceled,2020-08-12,22:13:17,2021-12-18,15:00:28,1499,2021-12-21 04:20:00
sub_0111,usr_326,Premium,cancelled,2021-01-12,13:36:24,2022-03-28,10:53:38,1499,2022-03-28 00:03:00
sub_0182,usr_733,standard,Cancelled,2021-0-17,04:46:32,2022-11-19,04:13:12,999,2022-11-19 15:02:00
sub_0147,usr_205,premium,Paused,2021-01-24,09:37:22,,,1499,2021-01-26 17:01:00
sub_0161,usr_481,Premium,canceled,2023-03-28,18:00:30,2024-01-03,17:24:15,1499,2024-01-07 08:39:00
sub_0211,usr_421,PREMIUM,active,2024-05-02,23:48:50,,,1499,2024-05-05 01:11:00
sub_0133,usr_220,Premium,cancelled,2021-03-01,23:10:19,2021-06-01,05:08:28,1499,2021-06-04 15:12:00
sub_0382,usr_572,Basic,CANCELLED,2023-07-08,15:06:04,2023-14-21,13:30:30,599,2023-07-09 14:18:00
sub_0062,usr_192,basic,canceled,2022-05-17,11:58:20,2023-08-15,23:01:50,599,2023-08-18 22:03:00
sub_0220,usr_470,standard,active,2024-08-16,15:30:59,,,999,2024-08-18 14:30:00
sub_0349,usr_166,Premium,cancelled,2024-07-20,23:04:42,2024-08-31,19:42:52,1499,2024-09-04 01:17:00
sub_0023,usr_940,standard,Paused,2024-06-18,17:12:19,2024-07-11,16:28:17,999,2024-07-16 16:16:00
sub_0005,usr_254,Basic,cancelled,2021-02-03,07:12:33,2021-03-09,15:16:12,599,2021-03-11 11:05:00
sub_0420,usr_270,Premium,Active,2023-07-02,16:12:06,,,1499,2023-07-03 11:17:00
sub_0004,usr_431,premium,Active,2023-02-25,09:41:55,,,1499,2023-03-01 16:21:00
sub_0417,usr_885,Standard,cancelled,2024-04-16,21:13:33,0000-00-00,09:18:54,999,2024-04-17 12:35:00
sub_0353,usr_848,Basic,CANCELLED,2023-05-02,11:35:52,2023-05-14,14:06:07,599,2023-05-18 18:35:00
sub_0408,usr_353,standard,active,2023-06-19,19:26:49,,,999,2023-06-24 03:18:00
sub_0236,usr_898,standard,active,2023-08-30,22:29:39,,,999,2023-08-31 05:03:00
sub_0436,usr_663,STANDARD,active,2021-08-08,05:23:47,,,999,2021-08-12 23:15:00
sub_0297,usr_140,Standard,cancelled,2023-11-29,08:35:59,2023-12-22,02:59:42,999,2023-12-25 22:34:00
sub_0364,usr_797,basic,CANCELLED,2024-05-14,11:36:11,2024-06-05,05:55:40,599,NULL
sub_0299,usr_784,Premium,Cancelled,2024-02-08,04:27:58,2024-02-25,07:22:36,1499,2024-02-25 15:18:00
sub_0361,usr_762,STANDARD,TRIALING,2024-08-27,05:41:21,,,0,2024-08-27 06:06:00
sub_0261,usr_559,STANDARD,Cancelled,2023-01-31,19:40:21,2023-09-28,17:33:09,999,2023-09-28 16:51:00
sub_0271,usr_954,BASIC,cancelled,2020-05-25,03:48:53,2021-05-30,03:12:43,599,2021-05-30 08:20:00
sub_0108,usr_150,basic,cancelled,2022-06-29,19:55:22,2023-04-09,14:22:47,599,2023-04-14 04:26:00
sub_0077,usr_946,STANDARD,Active,2021-10-18,21:18:53,,,999,2021-10-23 00:01:00
sub_0369,usr_391,BASIC,ACTIVE,2023-0-18,21:27:02,,,599,2023-12-22 02:08:00
sub_0340,usr_585,STANDARD,Cancelled,2024-07-22,09:31:14,2024-08-09,11:35:48,999,
sub_0267,usr_723,Standard,Cancelled,2021-06-27,05:58:59,2021-11-22,01:14:10,999,2021-11-22 20:24:00
sub_0201,usr_644,basic,PAUSED,2024-04-29,16:01:28,,,599,2024-05-01 23:50:00
sub_0003,usr_431,BASIC,canceled,2022-11-24,NULL,2023-2-14,15:29:30,599,2023-02-19 08:30:00
sub_0235,usr_898,BASIC,cancelled,2023-4-3,21:30:36,2023-07-30,06:06:53,599,2023-08-03 17:21:00
sub_0110,usr_150,basic,Active,2024-01-11,14:44:29,,,599,2024-01-16 10:00:00
sub_0110,usr_150,basic,Active,2024-01-11,14:44:29,,,599,2024-01-16 10:00:00
sub_0413,usr_500,STANDARD,Active,2024-11-12,19:32:02,,,999,2024-11-12 21:57:00
sub_0413,usr_500,STANDARD,Active,2024-11-12,19:32:02,,,999,2024-11-12 21:57:00
sub_0265,usr_394,PREMIUM,Trialing,2024-01-16,08:29:41,,,0,2024-01-17 21:18:00
sub_0112,usr_326,Premium,ACTIVE,2022-05-09,13:33:52,,,1499,2022-05-11 14:00:00
sub_0143,usr_798,basic,Active,2023-07-03,11:46:29,,,599,N/A
sub_0136,usr_684,Standard,active,2022-05-21,16:56:40,,,999,2022-05-25 11:35:00
sub_0273,usr_624,basic,CANCELLED,2023-11-29,22:27:07,2023-12-13,21:01:01,599,2023-12-14 11:46:00
sub_0283,usr_450,STANDARD,cancelled,2024-05-30,09:18:25,2024-06-20,23:43:13,999,2024-06-20 11:46:00
sub_0387,usr_272,premium,Cancelled,2020-12-28,03:17:00,2021-08-07,03:43:20,1499,2021-08-11 18:10:00
sub_0381,usr_123,basic,Trialing,2023-11-23,03:28:37,,,0,2023-11-26 22:10:00
sub_0253,usr_451,premium,canceled,2021-12-27,07:10:55,2022-06-20,20:13:28,1499,2022-06-22 05:26:00
sub_0306,usr_882,Premium,Active,2021-09-04,06:30:52,,,1499,NULL
sub_0303,usr_179,standard,Active,2023-01-30,01:12:15,,,999,2023-01-30 09:58:00
sub_0107,usr_150,Premium,CANCELLED,2022-01-01,15:52:19,2022-05-14,17:24:37,1499,2022-05-16 17:20:00
sub_0264,usr_394,standard,CANCELLED,2023-10-08,13:28:56,,,999,2023-10-10 11:13:00
sub_0400,usr_323,BASIC,Cancelled,2023-01-05,18:33:02,2023-07-15,23:09:34,599,2023-07-17 13:41:00
sub_0318,usr_811,Basic,paused,2020-07-03,01:23:36,2021-08-18,00:40:45,599,2021-08-21 04:57:00
sub_0173,usr_829,basic,active,2021-01-31,22:13:33,,,599,2021-02-05 08:45:00
sub_0032,usr_474,Basic,Cancelled,2020-12-21,20:53:56,2021-10-17,13:45:41,599,2021-10-22 13:05:00
sub_0089,usr_745,standard,ACTIVE,2023-12-28,18:33:57,,,999,2023-12-29 02:11:00
sub_0319,usr_811,PREMIUM,Cancelled,2021-11-16,21:40:21,2023-01-25,21:20:03,1499,2023-01-27 22:47:00
sub_0419,usr_182,BASIC,trialing,2024-01-05,13:34:32,,,0,2024-01-08 21:16:00
sub_0354,usr_848,Basic,Active,2023-06-26,13:36:03,,,599,2023-06-28 16:25:00
sub_0335,usr_170,Standard,canceled,2020-10-23,21:29:40,2021-01-06,09:33:07,999,2021-01-11 11:36:00
sub_0323,usr_458,premium,canceled,2023-11-28,16:24:06,2023-12-09,13:51:32,1499,2023-12-11 01:38:00
sub_0198,usr_796,premium,active,0000-00-00,10:13:00,,,1499,N/A
sub_0109,usr_150,Basic,Paused,2023-06-15,16:06:47,2023-11-19,22:40:58,,2023-11-22 12:36:00
sub_0245,usr_637,Basic,paused,2023-10-05,05:54:20,,,599,2023-10-08 14:50:00
sub_0205,usr_895,Basic,Cancelled,2022-12-30,17:56:29,2023-01-22,11:24:56,599,2023-01-25 14:36:00
sub_0119,usr_236,Standard,Paused,2020-01-16,null,2020-08-29,03:27:52,999,2020-08-31 11:15:00
sub_0249,usr_606,PREMIUM,PAUSED,2023-13-25,06:20:19,2024-01-10,16:00:42,1499,
sub_0345,usr_780,Standard,cancelled,2022-04-22,07:56:16,2022-09-09,07:02:12,999,2022-09-12 11:55:00
sub_0152,usr_953,BASIC,trialing,2024-02-27,20:51:49,,,0,2024-02-27 19:08:00
sub_0342,usr_813,STANDARD,cancelled,2022-12-31,06:19:25,2023-06-20,23:12:36,999,2023-06-24 04:06:00
sub_0385,usr_463,Basic,cancelled,2023-02-11,16:03:02,2024-01-09,03:01:49,599,2024-01-11 00:58:00
sub_0453,usr_725,basic,TRIALING,2023-04-19,01:05:11,,,0,2023-05-02 00:00:00
sub_0454,usr_608,BASIC,Active,2021-03-21,,,,599,2021-04-12 00:00:00
sub_0455,usr_637,Basic,active,2023-11-17,07:50:20,,,599,N/A
sub_0456,usr_525,PREMIUM,Cancelled,2022-04-11,02:06:44,2023-03-11,01:27:12,1499,2022-04-22 00:00:00
sub_0457,usr_537,Standard,paused,2023-05-11,00:15:05,,,999,2023-05-29 00:00:00
sub_0458,usr_619,Standard,Cancelled,2021-03-22,14:15:26,2021-05-29,02:46:59,999,2021-04-16 00:00:00
sub_0459,usr_693,BASIC,Cancelled,2021-06-04,09:40:29,2022-01-32,01:56:31,599,2021-06-23 00:00:00
sub_0460,usr_188,Premium,Active,2021-02-03,19:31:51,,,1499,2021-02-05 00:00:00
sub_0460,usr_188,Premium,Active,2021-02-03,19:31:51,,,1499,2021-02-05 00:00:00
sub_0462,usr_644,Standard,CANCELLED,2021-11-28,19:43:47,2022-08-06,07:22:21,999,2021-12-26 00:00:00
sub_0463,usr_292,basic,CANCELLED,2020-12-22,04:21:29,2021-12-09,04:31:58,599,2020-12-30 00:00:00
sub_0464,usr_670,PREMIUM,Active,2021-8-25,20:35:45,,,null,NULL
sub_0465,usr_660,Premium,ACTIVE,2020-01-08,15:38:56,,,1499,2020-01-25 00:00:00
sub_0466,usr_326,Premium,PAUSED,2020-08-26,03:20:17,,,1499,2020-09-07 00:00:00
sub_0467,usr_525,Basic,CANCELLED,2023-01-09,01:45:55,2023-08-12,22:57:00,599,2023-01-25 00:00:00
sub_0468,usr_895,Standard,Cancelled,2022-03-14,15:09:21,2022-10-31,08:24:40,999,2022-03-16 00:00:00
sub_0469,usr_195,standard,Active,2020-05-21,10:41:09,,,999,2020-05-31 00:00:00
sub_0470,usr_421,PREMIUM,Trialing,2020-06-20,22:30:34,,,0,2020-06-20 00:00:00
sub_0471,usr_254,standard,active,2022-07-02,23:31:23,,,999,2022-07-03 00:00:00
sub_0472,usr_540,Standard,active,2021-0-24,11:37:10,,,999,2021-09-09 00:00:00
sub_0473,usr_455,BASIC,ACTIVE,2020-05-31,15:08:09,,,599,2020-03-15 00:00:00
sub_0474,usr_799,Basic,ACTIVE,2023-06-04,00:56:18,,,599,2023-07-01 00:00:00
sub_0475,usr_174,BASIC,ACTIVE,2021-09-06,10:20:00,,,599,2021-09-17 00:00:00
sub_0476,usr_600,standard,paused,2021-02-11,13:37:28,,,999,2021-02-26 00:00:00
sub_0477,usr_644,STANDARD,TRIALING,2022-01-07,22:53:52,,,0,2022-01-19 00:00:00
sub_0478,usr_815,standard,cancelled,2020-11-14,09:29:59,2021-11-13,10:31:51,999,2020-12-10 00:00:00
sub_0479,usr_975,Basic,CANCELLED,2022-10-09,18:31:43,2023-08-24,12:43:43,599,2022-10-09 00:00:00
sub_0480,usr_328,Standard,trialing,2022-06-06,18:02:48,,,0,2022-07-01 00:00:00
sub_0481,usr_784,premium,TRIALING,2024-03-22,19:07:12,,,0,2024-04-10 00:00:00
sub_0482,usr_954,Standard,active,2022-05-28,20:15:46,,,999,2022-06-16 00:00:00
sub_0483,usr_688,STANDARD,active,2023-10-20,15:37:41,,,,2023-11-05 00:00:00
sub_0484,usr_450,Standard,Active,2022-03-10,07:23:51,,,999,2022-03-16 00:00:00
sub_0485,usr_192,PREMIUM,active,2023-08-08,04:55:51,,,1499,2023-08-11 00:00:00
sub_0486,usr_693,PREMIUM,active,2023-09-06,00:48:22,,,1499,2023-09-16 00:00:00
sub_0487,usr_993,premium,canceled,2024-03-14,06:02:37,2025-03-19,21:58:27,N/A,2024-04-02 00:00:00
sub_0488,usr_164,STANDARD,active,2020-03-32,13:36:50,,,999,2021-01-02 00:00:00
sub_0489,usr_913,Standard,ACTIVE,2022-12-19,21:11:28,,,999,2023-01-13 00:00:00
sub_0490,usr_159,STANDARD,Active,2022-10-17,04:54:03,,,999,2022-11-08 00:00:00
sub_0491,usr_138,Basic,canceled,2020-03-11,20:29:37,2020-10-20,09:57:25,599,2020-03-28 00:00:00
sub_0492,usr_811,standard,ACTIVE,2020-06-18,23:12:41,,,999,2020-06-25 00:00:00
sub_0493,usr_935,BASIC,Trialing,2023-07-22,07:30:14,,,0,2023-08-05 00:00:00
sub_0494,usr_385,standard,cancelled,2024-05-17,06:48:54,2024-09-10,16:25:51,999,2024-06-01 00:00:00
sub_0495,usr_310,STANDARD,trialing,2024-04-32,15:55:23,,,0,2024-02-19 00:00:00
sub_0496,usr_170,standard,TRIALING,2023-06-04,17:55:37,,,0,2023-06-25 00:00:00
sub_0497,usr_272,PREMIUM,TRIALING,2020-02-02,06:28:52,,,0,2020-02-05 00:00:00
sub_0498,usr_182,basic,active,2021-11-13,21:40:24,,,599,2021-11-30 00:00:00
sub_0499,usr_797,BASIC,Trialing,2024-03-26,N/A,,,0,2024-03-29 00:00:00
sub_0500,usr_183,premium,cancelled,2020-06-21,21:30:57,2020-12-27,13:02:32,1499,2020-06-25 00:00:00