content_id,title,genre,ctnt_type,release_date,runtime_minutes
cnt_001,Northlight,Drama,series,2023-09-01,45
cnt_002,The Velocity Circuit,Sport,live,2024-01-20,120
cnt_003,Depths Unknown,Documentary,film,2022-11-15,94
cnt_004,Laughing Stock,Comedy,series,2023-04-10,28
cnt_005,Silverwood,Drama,series,2024-01-05,52
cnt_006,Grand Prix Live - Round 1,Sport,live,2024-01-21,180
cnt_007,Pixel Perfect,Documentary,film,2023-07-22,88
cnt_008,The Long Shift,Drama,film,2021-06-30,107
cnt_009,Open Mic Nights,Comedy,series,2023-11-01,22
cnt_010,World Cup Highlights,Sport,series,2024-01-14,30
cnt_011,Cascadia,Drama,series,2022-03-18,55
cnt_012,Robot Ruckus,kids,series,2023-08-05,12
cnt_013,Nature Reimagined,Documentary,film,2024-01-10,78
cnt_014,Offside,Sport,series,2023-10-25,40
cnt_015,Late Night Legends,Comedy,series,2022-12-01,35
cnt_016,The Reckoning,drama,film,2024-01-28,118
cnt_017,Circuit Breaker,Thriller,series,2023-12-10,47
cnt_018,Funny Business,comedy,series,2024-02-01,25
cnt_019,Grand Prix Live - Round 2,Sport,live,2024-02-04,180
cnt_020,Voices from the Amazon,documentary,film,2023-05-20,102
cnt_021,Harbour Town,Drama,series,2024-01-15,50
cnt_022,Galactic Pals,Kids,series,2023-10-01,14
cnt_023,Stand-Up Specials Vol 3,COMEDY,series,2024-02-10,58
cnt_024,The Frozen North,thriller,film,2022-08-17,95
cnt_025,Match Day Live - Feb,sport,live,2024-02-17,145
cnt_026,Wildfire Season,Drama,series,2023-06-12,48
cnt_027,Data & Destiny,documentary,film,2024-01-22,86
cnt_028,Rookie Rising,Sport,series,2024-02-05,38
cnt_029,The Apology Tour,comedy,series,2023-09-15,30
cnt_030,Deep Blue,Documentary,film,2022-04-08,112
cnt_031,Shadowland,DRAMA,series,2024-02-12,44
cnt_032,Little Explorers,kids,series,2024-01-08,11
cnt_033,Fast Five Cup,sport,live,2024-02-25,160
cnt_034,The Comeback,Drama,series,2023-07-01,55
cnt_035,Sci & Why,documentary,series,2024-02-08,32
cnt_036,Deadpan Anonymous,Comedy,film,2021-06-14,99
cnt_037,Sprout Patrol,Kids,series,2022-12-02,15
cnt_038,Field Notes from Borders,DOCUMENTARY,film,2023-12-22,80
cnt_039,Lowland Harbor,DRAMA,film,2020-07-01,125
cnt_040,Robot Ruckus World,Kids,series,2023-10-12,10
cnt_041,Lowland Point,DRAMA,film,2021-09-22,105
cnt_042,Circuit Breaker Redux,thriller,film,2024-02-02,119
cnt_043,Nature Reimagined Cities,documentary,series,2022-03-08,36
cnt_044,Match Day Live Special,Sport,series,2022-08-30,25
cnt_045,Cascadia Vale,DRAMA,film,2020-06-02,107
cnt_046,Final Lap Showdown,SPORT,live,2022-08-23,116
cnt_047,Off Script Vol 5,COMEDY,series,2021-12-05,29
cnt_048,Sci & the Amazon,documentary,film,2021-01-28,94
cnt_049,Grand Prix Live - Round 3,sport,live,2023-02-23,122
cnt_050,Home Turf Highlights,SPORT,live,2021-02-24,167
cnt_051,Awkward Tonight,Comedy,film,2020-06-01,88
cnt_052,Data & the Tundra,documentary,series,2023-10-16,28
cnt_053,Shadowland Falls,thriller,series,2021-11-11,38
cnt_054,Ember Circle,Drama,film,2020-10-31,121
cnt_055,Solace Vale,DRAMA,series,2022-06-26,58
cnt_056,The Age of Extinction,DOCUMENTARY,series,2021-03-05,30
cnt_057,Late Night Hour,Comedy,series,2023-11-03,30
cnt_058,The Midnight Frequency,Drama,,1998-03-12,42
cnt_059,Fast Five Report,SPORT,live,2021-07-08,130
cnt_060,The Handoff Redux,thriller,film,2020-09-06,118
cnt_061,Half Field,Drama,series,2024-05-13,41
cnt_062,The Roast of Weekly,comedy,film,2023-05-02,98
cnt_063,Rookie Classic,SPORT,live,2024-01-30,126
cnt_064,Bubble World,KIDS,series,2020-07-04,12
cnt_065,Lowland Town,Drama,film,2020-09-04,108
cnt_066,Home Turf Special,Sport,series,2020-12-06,36
cnt_067,Sci & Silence,DOCUMENTARY,film,2024-04-16,103
cnt_068,Robot Ruckus Squad,kids,series,2022-06-03,14
cnt_069,Circuit Breaker Endgame,THRILLER,film,2020-11-01,90
cnt_070,The Apology Tour Live,Comedy,series,2020-10-27,31
cnt_071,Amber Season,DRAMA,film,2024-05-12,112
cnt_072,Match Day Live Report,sport,series,2020-11-07,36
cnt_073,The Roast of Nights,COMEDY,series,2024-02-17,27
cnt_074,The Roast of Legends,Comedy,film,2020-12-03,85
cnt_075,Static District,thriller,series,2024-04-22,42
cnt_076,Wonder Playhouse,Kids,series,2023-04-29,13
cnt_077,Sprout Friends,kids,series,2020-07-16,12
cnt_078,Full Time Special,SPORT,live,2023-02-21,173
cnt_079,Deep Blue the Tundra,DOCUMENTARY,film,2023-11-05,98
cnt_080,Photo Finish Recap,sport,live,2023-03-18,153
cnt_081,Photo Finish Weekly,Sport,series,2023-12-21,37
cnt_082,Awkward Vol 5,COMEDY,series,2022-03-11,23
cnt_083,Final Lap Rising,Sport,live,2024-05-27,127
cnt_084,Autumn Line,drama,film,2023-01-22,121
cnt_085,Hidden Silence,DOCUMENTARY,film,2023-03-09,101
cnt_086,The Long Game Redux,Thriller,film,2021-12-22,116
cnt_087,Rainbow Express,kids,series,2022-02-23,15
cnt_088,Shadowland Hour,thriller,series,2021-06-24,48
cnt_089,Harbour Ridge,Drama,film,2023-12-13,102
cnt_090,Wonder Town,Kids,series,2024-06-02,10
cnt_091,Silverwood Harbor,Drama,film,2021-12-10,112
cnt_092,Unearthed Cities,Documentary,film,2020-11-26,100
cnt_093,Sitcom Weekly,Comedy,film,2023-12-04,89
cnt_094,Faultline Grove,drama,film,2023-01-06,112
cnt_095,Ordinary Borders,DOCUMENTARY,film,2024-06-09,81
cnt_096,Driftwood House,drama,series,2023-06-05,47
cnt_097,Airwaves After Dark,Comedy,,2003-11-05,30
cnt_098,Depths Unknown Machines,DOCUMENTARY,series,2020-11-17,39
cnt_099,Distant Bay,drama,film,2023-02-24,105
cnt_100,Marrow Season,Drama,series,2023-05-28,42
cnt_101,Voices from the Progress,DOCUMENTARY,film,2023-04-28,105
cnt_102,Blackout Perimeter,THRILLER,film,2023-07-20,119
cnt_103,Field Notes from Progress,documentary,film,2022-03-01,108
cnt_104,Trip Wire Rising,THRILLER,film,2023-05-10,101
cnt_105,Hidden Progress,Documentary,series,2023-03-28,31
cnt_106,Distant Season,DRAMA,film,2022-08-30,95
cnt_107,Galactic Pals Patrol,Kids,series,2023-06-09,13
cnt_108,The Apology Tour Vol 5,comedy,film,2023-03-07,97
cnt_109,Track Record Recap,sport,series,2023-05-12,38
cnt_110,Hidden the Reef,Documentary,film,2021-11-15,87
cnt_111,Rookie Cup,Sport,live,2020-06-25,114
cnt_112,The Long Game Falls,THRILLER,film,2023-03-19,108
cnt_113,Faultline Line,DRAMA,film,2023-11-29,118
cnt_114,Hidden the Amazon,documentary,film,2023-12-19,108
cnt_115,Funny Business Redux,COMEDY,series,2023-12-30,28
cnt_116,Underdogs Special,Sport,live,2021-09-20,179
cnt_117,The Long Game Endgame,thriller,film,2021-07-04,99
cnt_118,World Series Recap,Sport,live,2021-02-27,122
cnt_119,Static Redux,thriller,series,2022-10-12,42
cnt_120,Puzzle Squad,Kids,series,2021-07-17,11